stock_code,fiscal_year,esg_year,company_name,esg_grade,status,reason,rcept_no,sub_status
005930,2022,2022,삼성전자,A,SUCCESS,,20230307000542.0,
005930,2023,2023,삼성전자,A,SUCCESS,,20240312000736.0,
005930,2024,2024,삼성전자,B+,FAILED_REFETCH_NEEDED,fy2024 not collected in user pipeline,,FAILED_FY2024_NOT_COLLECTED
001460,2022,2022,BYC,D,FAILED_REFETCH_NEEDED,fy2022 not collected in user pipeline,,FAILED_OUT_OF_USER_UNIVERSE
001460,2023,2023,BYC,D,FAILED_REFETCH_NEEDED,fy2023 not collected in user pipeline,,FAILED_OUT_OF_USER_UNIVERSE
001460,2024,2024,BYC,D,FAILED_REFETCH_NEEDED,fy2024 not collected in user pipeline,,FAILED_FY2024_NOT_COLLECTED
005380,2022,2022,현대자동차,B+,SUCCESS,,20230315001030.0,
005380,2023,2023,현대자동차,A,SUCCESS,,20240314001531.0,
005380,2024,2024,현대자동차,A,FAILED_REFETCH_NEEDED,fy2024 not collected in user pipeline,,FAILED_FY2024_NOT_COLLECTED
000120,2022,2022,CJ대한통운,B+,SUCCESS,,20230317000857.0,
000120,2023,2023,CJ대한통운,A,SUCCESS,,20240320001789.0,
000120,2024,2024,CJ대한통운,A,FAILED_REFETCH_NEEDED,fy2024 not collected in user pipeline,,FAILED_FY2024_NOT_COLLECTED
097950,2022,2022,CJ제일제당,A,SUCCESS,,20230417000204.0,
097950,2023,2023,CJ제일제당,A,SUCCESS,,20240319000861.0,
097950,2024,2024,CJ제일제당,A,FAILED_REFETCH_NEEDED,fy2024 not collected in user pipeline,,FAILED_FY2024_NOT_COLLECTED
001040,2022,2022,CJ,B+,SUCCESS,,20230321001305.0,
001040,2023,2023,CJ,A,SUCCESS,,20240320001996.0,
001040,2024,2024,CJ,A,FAILED_REFETCH_NEEDED,fy2024 not collected in user pipeline,,FAILED_FY2024_NOT_COLLECTED
035760,2022,2022,CJ ENM,B+,FAILED_REFETCH_NEEDED,fy2022 not collected in user pipeline,,FAILED_OUT_OF_USER_UNIVERSE
035760,2023,2023,CJ ENM,B+,FAILED_REFETCH_NEEDED,fy2023 not collected in user pipeline,,FAILED_OUT_OF_USER_UNIVERSE
035760,2024,2024,CJ ENM,A,FAILED_REFETCH_NEEDED,fy2024 not collected in user pipeline,,FAILED_FY2024_NOT_COLLECTED
282330,2022,2022,BGF리테일,A,FAILED_REFETCH_NEEDED,fy2022 not collected in user pipeline,,FAILED_OUT_OF_USER_UNIVERSE
282330,2023,2023,BGF리테일,A,FAILED_REFETCH_NEEDED,fy2023 not collected in user pipeline,,FAILED_OUT_OF_USER_UNIVERSE
282330,2024,2024,BGF리테일,A,FAILED_REFETCH_NEEDED,fy2024 not collected in user pipeline,,FAILED_FY2024_NOT_COLLECTED
051500,2022,2022,CJ프레시웨이,A,FAILED_REFETCH_NEEDED,fy2022 not collected in user pipeline,,FAILED_OUT_OF_USER_UNIVERSE
051500,2023,2023,CJ프레시웨이,A,FAILED_REFETCH_NEEDED,fy2023 not collected in user pipeline,,FAILED_OUT_OF_USER_UNIVERSE
051500,2024,2024,CJ프레시웨이,A,FAILED_REFETCH_NEEDED,fy2024 not collected in user pipeline,,FAILED_FY2024_NOT_COLLECTED
000660,2022,2022,SK하이닉스,B+,SUCCESS,,20230321001209.0,
000660,2023,2023,SK하이닉스,A,SUCCESS,,20240319000684.0,
000660,2024,2024,SK하이닉스,B+,FAILED_REFETCH_NEEDED,fy2024 not collected in user pipeline,,FAILED_FY2024_NOT_COLLECTED
035420,2022,2022,NAVER,A,SUCCESS,,20230314001049.0,
035420,2023,2023,NAVER,A+,SUCCESS,,20240318000844.0,
035420,2024,2024,NAVER,A,FAILED_REFETCH_NEEDED,fy2024 not collected in user pipeline,,FAILED_FY2024_NOT_COLLECTED
035720,2022,2022,카카오,A,SUCCESS,,20230320001096.0,
035720,2023,2023,카카오,A,SUCCESS,,20240418000375.0,
035720,2024,2024,카카오,A,FAILED_REFETCH_NEEDED,fy2024 not collected in user pipeline,,FAILED_FY2024_NOT_COLLECTED
036570,2022,2022,엔씨소프트,A,FAILED_REFETCH_NEEDED,fy2022 not collected in user pipeline,,FAILED_OUT_OF_USER_UNIVERSE
036570,2023,2023,엔씨소프트,A,FAILED_REFETCH_NEEDED,fy2023 not collected in user pipeline,,FAILED_OUT_OF_USER_UNIVERSE
036570,2024,2024,엔씨소프트,A,FAILED_REFETCH_NEEDED,fy2024 not collected in user pipeline,,FAILED_FY2024_NOT_COLLECTED
018260,2022,2022,삼성에스디에스,A,SUCCESS,,20230307000606.0,
018260,2023,2023,삼성에스디에스,A,SUCCESS,,20240329003204.0,
018260,2024,2024,삼성에스디에스,A,FAILED_REFETCH_NEEDED,fy2024 not collected in user pipeline,,FAILED_FY2024_NOT_COLLECTED
068270,2022,2022,셀트리온,B,SUCCESS,,20230320000842.0,
068270,2023,2023,셀트리온,B,SUCCESS,,20240318000913.0,
068270,2024,2024,셀트리온,A,FAILED_REFETCH_NEEDED,fy2024 not collected in user pipeline,,FAILED_FY2024_NOT_COLLECTED
005490,2022,2022,POSCO홀딩스,A,SUCCESS,,20230309000896.0,
005490,2023,2023,POSCO홀딩스,A+,SUCCESS,,20240322000986.0,
005490,2024,2024,POSCO홀딩스,A,FAILED_REFETCH_NEEDED,fy2024 not collected in user pipeline,,FAILED_FY2024_NOT_COLLECTED
051910,2022,2022,LG화학,B,SUCCESS,,20230324001178.0,
051910,2023,2023,LG화학,A,SUCCESS,,20240315000957.0,
051910,2024,2024,LG화학,B+,FAILED_REFETCH_NEEDED,fy2024 not collected in user pipeline,,FAILED_FY2024_NOT_COLLECTED
096770,2022,2022,SK이노베이션,A,SUCCESS,,20230322000906.0,
096770,2023,2023,SK이노베이션,A+,SUCCESS,,20240320000950.0,
096770,2024,2024,SK이노베이션,A+,FAILED_REFETCH_NEEDED,fy2024 not collected in user pipeline,,FAILED_FY2024_NOT_COLLECTED
011170,2022,2022,롯데케미칼,A,SUCCESS,,20230321001511.0,
011170,2023,2023,롯데케미칼,B+,SUCCESS,,20240401004380.0,
011170,2024,2024,롯데케미칼,A,FAILED_REFETCH_NEEDED,fy2024 not collected in user pipeline,,FAILED_FY2024_NOT_COLLECTED
010130,2022,2022,고려아연,B,SUCCESS,,20230309000731.0,
010130,2023,2023,고려아연,B,SUCCESS,,20240328001400.0,
010130,2024,2024,고려아연,B+,FAILED_REFETCH_NEEDED,fy2024 not collected in user pipeline,,FAILED_FY2024_NOT_COLLECTED
010950,2022,2022,S-Oil,A,SUCCESS,,20230320000502.0,
010950,2023,2023,S-Oil,A+,SUCCESS,,20240320001242.0,
010950,2024,2024,S-Oil,A,FAILED_REFETCH_NEEDED,fy2024 not collected in user pipeline,,FAILED_FY2024_NOT_COLLECTED
086790,2022,2022,하나금융지주,A,SUCCESS,,20230316001364.0,
086790,2023,2023,하나금융지주,A,FAILED_EMPTY_FEATURE,no feature row exp_F,20240516001695.0,
086790,2024,2024,하나금융지주,A,FAILED_REFETCH_NEEDED,fy2024 not collected in user pipeline,,FAILED_FY2024_NOT_COLLECTED
055550,2022,2022,신한지주,A+,FAILED_NO_PASSAGES,no firm_year_document,20230315001015.0,
055550,2023,2023,신한지주,A+,FAILED_NO_PASSAGES,no firm_year_document,20240502000081.0,
055550,2024,2024,신한지주,A+,FAILED_REFETCH_NEEDED,fy2024 not collected in user pipeline,,FAILED_FY2024_NOT_COLLECTED
105560,2022,2022,KB금융지주,A+,FAILED_NO_PASSAGES,no firm_year_document,20230324001073.0,
105560,2023,2023,KB금융,A+,FAILED_NO_PASSAGES,no firm_year_document,20240326000894.0,
105560,2024,2024,KB금융,A,FAILED_REFETCH_NEEDED,fy2024 not collected in user pipeline,,FAILED_FY2024_NOT_COLLECTED
316140,2022,2022,우리금융지주,A,FAILED_REFETCH_NEEDED,fy2022 not collected in user pipeline,,FAILED_OUT_OF_USER_UNIVERSE
316140,2023,2023,우리금융지주,A,FAILED_REFETCH_NEEDED,fy2023 not collected in user pipeline,,FAILED_OUT_OF_USER_UNIVERSE
316140,2024,2024,우리금융지주,A,FAILED_REFETCH_NEEDED,fy2024 not collected in user pipeline,,FAILED_FY2024_NOT_COLLECTED
138930,2022,2022,BNK금융지주,A,FAILED_REFETCH_NEEDED,fy2022 not collected in user pipeline,,FAILED_OUT_OF_USER_UNIVERSE
138930,2023,2023,BNK금융지주,A,FAILED_REFETCH_NEEDED,fy2023 not collected in user pipeline,,FAILED_OUT_OF_USER_UNIVERSE
138930,2024,2024,BNK금융지주,A,FAILED_REFETCH_NEEDED,fy2024 not collected in user pipeline,,FAILED_FY2024_NOT_COLLECTED
024110,2022,2022,기업은행,A,SUCCESS,,20230315001098.0,
024110,2023,2023,기업은행,A,SUCCESS,,20240430000630.0,
024110,2024,2024,기업은행,B+,FAILED_REFETCH_NEEDED,fy2024 not collected in user pipeline,,FAILED_FY2024_NOT_COLLECTED
000640,2022,2022,동아쏘시오홀딩스,A,FAILED_REFETCH_NEEDED,fy2022 not collected in user pipeline,,FAILED_OUT_OF_USER_UNIVERSE
000640,2023,2023,동아쏘시오홀딩스,A,FAILED_REFETCH_NEEDED,fy2023 not collected in user pipeline,,FAILED_OUT_OF_USER_UNIVERSE
000640,2024,2024,동아쏘시오홀딩스,A+,FAILED_REFETCH_NEEDED,fy2024 not collected in user pipeline,,FAILED_FY2024_NOT_COLLECTED
001740,2022,2022,SK네트웍스,A,FAILED_REFETCH_NEEDED,fy2022 not collected in user pipeline,,FAILED_OUT_OF_USER_UNIVERSE
001740,2023,2023,SK네트웍스,A,FAILED_REFETCH_NEEDED,fy2023 not collected in user pipeline,,FAILED_OUT_OF_USER_UNIVERSE
001740,2024,2024,SK네트웍스,A+,FAILED_REFETCH_NEEDED,fy2024 not collected in user pipeline,,FAILED_FY2024_NOT_COLLECTED
002790,2022,2022,아모레퍼시픽홀딩스,A,SUCCESS,,20230309000832.0,
002790,2023,2023,아모레퍼시픽홀딩스,A,SUCCESS,,20240307000584.0,
002790,2024,2024,아모레퍼시픽홀딩스,A+,FAILED_REFETCH_NEEDED,fy2024 not collected in user pipeline,,FAILED_FY2024_NOT_COLLECTED
003670,2022,2022,포스코케미칼,B+,SUCCESS,,20230317000751.0,
003670,2023,2023,포스코퓨처엠,A,SUCCESS,,20240326000383.0,
003670,2024,2024,포스코퓨처엠,A+,FAILED_REFETCH_NEEDED,fy2024 not collected in user pipeline,,FAILED_FY2024_NOT_COLLECTED
006400,2022,2022,삼성SDI,A,SUCCESS,,20230313000726.0,
006400,2023,2023,삼성SDI,A,SUCCESS,,20240312000853.0,
006400,2024,2024,삼성SDI,A+,FAILED_REFETCH_NEEDED,fy2024 not collected in user pipeline,,FAILED_FY2024_NOT_COLLECTED
007070,2022,2022,GS리테일,A,FAILED_REFETCH_NEEDED,fy2022 not collected in user pipeline,,FAILED_OUT_OF_USER_UNIVERSE
007070,2023,2023,GS리테일,A,FAILED_REFETCH_NEEDED,fy2023 not collected in user pipeline,,FAILED_OUT_OF_USER_UNIVERSE
007070,2024,2024,GS리테일,A+,FAILED_REFETCH_NEEDED,fy2024 not collected in user pipeline,,FAILED_FY2024_NOT_COLLECTED
011210,2022,2022,현대위아,A,FAILED_REFETCH_NEEDED,fy2022 not collected in user pipeline,,FAILED_OUT_OF_USER_UNIVERSE
011210,2023,2023,현대위아,A+,FAILED_REFETCH_NEEDED,fy2023 not collected in user pipeline,,FAILED_OUT_OF_USER_UNIVERSE
011210,2024,2024,현대위아,A+,FAILED_REFETCH_NEEDED,fy2024 not collected in user pipeline,,FAILED_FY2024_NOT_COLLECTED
014790,2022,2022,HL D&I,B+,FAILED_REFETCH_NEEDED,fy2022 not collected in user pipeline,,FAILED_OUT_OF_USER_UNIVERSE
014790,2023,2023,HL D&I,A,FAILED_REFETCH_NEEDED,fy2023 not collected in user pipeline,,FAILED_OUT_OF_USER_UNIVERSE
014790,2024,2024,HL D&I,A+,FAILED_REFETCH_NEEDED,fy2024 not collected in user pipeline,,FAILED_FY2024_NOT_COLLECTED
030200,2022,2022,케이티,A,SUCCESS,,20230323001449.0,
030200,2023,2023,케이티,A,SUCCESS,,20240320002050.0,
030200,2024,2024,케이티,A+,FAILED_REFETCH_NEEDED,fy2024 not collected in user pipeline,,FAILED_FY2024_NOT_COLLECTED
042670,2022,2022,현대두산인프라코어,B+,FAILED_REFETCH_NEEDED,fy2022 not collected in user pipeline,,FAILED_OUT_OF_USER_UNIVERSE
042670,2023,2023,HD현대인프라코어,A,FAILED_REFETCH_NEEDED,fy2023 not collected in user pipeline,,FAILED_OUT_OF_USER_UNIVERSE
042670,2024,2024,HD현대인프라코어,A+,FAILED_REFETCH_NEEDED,fy2024 not collected in user pipeline,,FAILED_FY2024_NOT_COLLECTED
057050,2022,2022,현대홈쇼핑,A,FAILED_REFETCH_NEEDED,fy2022 not collected in user pipeline,,FAILED_OUT_OF_USER_UNIVERSE
057050,2023,2023,현대홈쇼핑,A,FAILED_REFETCH_NEEDED,fy2023 not collected in user pipeline,,FAILED_OUT_OF_USER_UNIVERSE
057050,2024,2024,현대홈쇼핑,A+,FAILED_REFETCH_NEEDED,fy2024 not collected in user pipeline,,FAILED_FY2024_NOT_COLLECTED
064350,2022,2022,현대로템,A,FAILED_REFETCH_NEEDED,fy2022 not collected in user pipeline,,FAILED_OUT_OF_USER_UNIVERSE
064350,2023,2023,현대로템,A,FAILED_REFETCH_NEEDED,fy2023 not collected in user pipeline,,FAILED_OUT_OF_USER_UNIVERSE
064350,2024,2024,현대로템,A+,FAILED_REFETCH_NEEDED,fy2024 not collected in user pipeline,,FAILED_FY2024_NOT_COLLECTED
000070,2022,2022,삼양홀딩스,B+,FAILED_REFETCH_NEEDED,fy2022 not collected in user pipeline,,FAILED_OUT_OF_USER_UNIVERSE
000070,2023,2023,삼양홀딩스,B+,FAILED_REFETCH_NEEDED,fy2023 not collected in user pipeline,,FAILED_OUT_OF_USER_UNIVERSE
000070,2024,2024,삼양홀딩스,A,FAILED_REFETCH_NEEDED,fy2024 not collected in user pipeline,,FAILED_FY2024_NOT_COLLECTED
000100,2022,2022,유한양행,B+,SUCCESS,,20230315001431.0,
000100,2023,2023,유한양행,A,SUCCESS,,20240307000960.0,
000100,2024,2024,유한양행,A,FAILED_REFETCH_NEEDED,fy2024 not collected in user pipeline,,FAILED_FY2024_NOT_COLLECTED
000150,2022,2022,두산,B+,SUCCESS,,20230321001440.0,
000150,2023,2023,두산,B+,SUCCESS,,20240418000399.0,
000150,2024,2024,두산,A,FAILED_REFETCH_NEEDED,fy2024 not collected in user pipeline,,FAILED_FY2024_NOT_COLLECTED
000210,2022,2022,DL,A,FAILED_REFETCH_NEEDED,fy2022 not collected in user pipeline,,FAILED_OUT_OF_USER_UNIVERSE
000210,2023,2023,DL,A,FAILED_REFETCH_NEEDED,fy2023 not collected in user pipeline,,FAILED_OUT_OF_USER_UNIVERSE
000210,2024,2024,DL,A,FAILED_REFETCH_NEEDED,fy2024 not collected in user pipeline,,FAILED_FY2024_NOT_COLLECTED
000270,2022,2022,기아,B+,FAILED_NO_PASSAGES,no firm_year_document,20230309000734.0,
000270,2023,2023,기아,B,SUCCESS,,20240312000909.0,
000270,2024,2024,기아,A,FAILED_REFETCH_NEEDED,fy2024 not collected in user pipeline,,FAILED_FY2024_NOT_COLLECTED
000320,2022,2022,노루홀딩스,A,FAILED_REFETCH_NEEDED,fy2022 not collected in user pipeline,,FAILED_OUT_OF_USER_UNIVERSE
000320,2023,2023,노루홀딩스,A,FAILED_REFETCH_NEEDED,fy2023 not collected in user pipeline,,FAILED_OUT_OF_USER_UNIVERSE
000320,2024,2024,노루홀딩스,A,FAILED_REFETCH_NEEDED,fy2024 not collected in user pipeline,,FAILED_FY2024_NOT_COLLECTED
000370,2022,2022,한화손해보험,A,FAILED_REFETCH_NEEDED,fy2022 not collected in user pipeline,,FAILED_OUT_OF_USER_UNIVERSE
000370,2023,2023,한화손해보험,A,FAILED_REFETCH_NEEDED,fy2023 not collected in user pipeline,,FAILED_OUT_OF_USER_UNIVERSE
000370,2024,2024,한화손해보험,A,FAILED_REFETCH_NEEDED,fy2024 not collected in user pipeline,,FAILED_FY2024_NOT_COLLECTED
000720,2022,2022,현대건설,A,SUCCESS,,20230315001104.0,
000720,2023,2023,현대건설,A,SUCCESS,,20240329003141.0,
000720,2024,2024,현대건설,A,FAILED_REFETCH_NEEDED,fy2024 not collected in user pipeline,,FAILED_FY2024_NOT_COLLECTED
001120,2022,2022,LX인터내셔널,A,SUCCESS,,20230315000850.0,
001120,2023,2023,LX인터내셔널,B+,SUCCESS,,20240320000868.0,
001120,2024,2024,LX인터내셔널,A,FAILED_REFETCH_NEEDED,fy2024 not collected in user pipeline,,FAILED_FY2024_NOT_COLLECTED
001230,2022,2022,동국제강,B,FAILED_REFETCH_NEEDED,fy2022 not collected in user pipeline,,FAILED_OUT_OF_USER_UNIVERSE
001230,2023,2023,동국홀딩스,A,FAILED_REFETCH_NEEDED,fy2023 not collected in user pipeline,,FAILED_OUT_OF_USER_UNIVERSE
001230,2024,2024,동국홀딩스,A,FAILED_REFETCH_NEEDED,fy2024 not collected in user pipeline,,FAILED_FY2024_NOT_COLLECTED
001430,2022,2022,세아베스틸지주,C,FAILED_REFETCH_NEEDED,fy2022 not collected in user pipeline,,FAILED_OUT_OF_USER_UNIVERSE
001430,2023,2023,세아베스틸지주,A,FAILED_REFETCH_NEEDED,fy2023 not collected in user pipeline,,FAILED_OUT_OF_USER_UNIVERSE
001430,2024,2024,세아베스틸지주,A,FAILED_REFETCH_NEEDED,fy2024 not collected in user pipeline,,FAILED_FY2024_NOT_COLLECTED
001440,2022,2022,대한전선,A,FAILED_REFETCH_NEEDED,fy2022 not collected in user pipeline,,FAILED_OUT_OF_USER_UNIVERSE
001440,2023,2023,대한전선,A,FAILED_REFETCH_NEEDED,fy2023 not collected in user pipeline,,FAILED_OUT_OF_USER_UNIVERSE
001440,2024,2024,대한전선,A,FAILED_REFETCH_NEEDED,fy2024 not collected in user pipeline,,FAILED_FY2024_NOT_COLLECTED
001450,2022,2022,현대해상,B+,FAILED_REFETCH_NEEDED,fy2022 not collected in user pipeline,,FAILED_OUT_OF_USER_UNIVERSE
001450,2023,2023,현대해상,A,FAILED_REFETCH_NEEDED,fy2023 not collected in user pipeline,,FAILED_OUT_OF_USER_UNIVERSE
001450,2024,2024,현대해상,A,FAILED_REFETCH_NEEDED,fy2024 not collected in user pipeline,,FAILED_FY2024_NOT_COLLECTED
001630,2022,2022,종근당홀딩스,B+,FAILED_REFETCH_NEEDED,fy2022 not collected in user pipeline,,FAILED_OUT_OF_USER_UNIVERSE
001630,2023,2023,종근당홀딩스,B+,FAILED_REFETCH_NEEDED,fy2023 not collected in user pipeline,,FAILED_OUT_OF_USER_UNIVERSE
001630,2024,2024,종근당홀딩스,A,FAILED_REFETCH_NEEDED,fy2024 not collected in user pipeline,,FAILED_FY2024_NOT_COLLECTED
001680,2022,2022,대상,B+,FAILED_REFETCH_NEEDED,fy2022 not collected in user pipeline,,FAILED_OUT_OF_USER_UNIVERSE
001680,2023,2023,대상,A,FAILED_REFETCH_NEEDED,fy2023 not collected in user pipeline,,FAILED_OUT_OF_USER_UNIVERSE
001680,2024,2024,대상,A,FAILED_REFETCH_NEEDED,fy2024 not collected in user pipeline,,FAILED_FY2024_NOT_COLLECTED
001800,2022,2022,오리온홀딩스,A,FAILED_REFETCH_NEEDED,fy2022 not collected in user pipeline,,FAILED_OUT_OF_USER_UNIVERSE
001800,2023,2023,오리온홀딩스,A,FAILED_REFETCH_NEEDED,fy2023 not collected in user pipeline,,FAILED_OUT_OF_USER_UNIVERSE
001800,2024,2024,오리온홀딩스,A,FAILED_REFETCH_NEEDED,fy2024 not collected in user pipeline,,FAILED_FY2024_NOT_COLLECTED
002030,2022,2022,아세아,B+,FAILED_REFETCH_NEEDED,fy2022 not collected in user pipeline,,FAILED_OUT_OF_USER_UNIVERSE
002030,2023,2023,아세아,A,FAILED_REFETCH_NEEDED,fy2023 not collected in user pipeline,,FAILED_OUT_OF_USER_UNIVERSE
002030,2024,2024,아세아,A,FAILED_REFETCH_NEEDED,fy2024 not collected in user pipeline,,FAILED_FY2024_NOT_COLLECTED
002320,2022,2022,한진,B+,FAILED_REFETCH_NEEDED,fy2022 not collected in user pipeline,,FAILED_OUT_OF_USER_UNIVERSE
002320,2023,2023,한진,A,FAILED_REFETCH_NEEDED,fy2023 not collected in user pipeline,,FAILED_OUT_OF_USER_UNIVERSE
002320,2024,2024,한진,A,FAILED_REFETCH_NEEDED,fy2024 not collected in user pipeline,,FAILED_FY2024_NOT_COLLECTED
000080,2022,2022,하이트진로,B,SUCCESS,,20230316001349.0,
000080,2023,2023,하이트진로,B,SUCCESS,,20240314000553.0,
000080,2024,2024,하이트진로,B+,FAILED_REFETCH_NEEDED,fy2024 not collected in user pipeline,,FAILED_FY2024_NOT_COLLECTED
000140,2022,2022,하이트진로홀딩스,B,FAILED_REFETCH_NEEDED,fy2022 not collected in user pipeline,,FAILED_OUT_OF_USER_UNIVERSE
000140,2023,2023,하이트진로홀딩스,B+,FAILED_REFETCH_NEEDED,fy2023 not collected in user pipeline,,FAILED_OUT_OF_USER_UNIVERSE
000140,2024,2024,하이트진로홀딩스,B+,FAILED_REFETCH_NEEDED,fy2024 not collected in user pipeline,,FAILED_FY2024_NOT_COLLECTED
000230,2022,2022,일동홀딩스,B+,FAILED_REFETCH_NEEDED,fy2022 not collected in user pipeline,,FAILED_OUT_OF_USER_UNIVERSE
000230,2023,2023,일동홀딩스,A,FAILED_REFETCH_NEEDED,fy2023 not collected in user pipeline,,FAILED_OUT_OF_USER_UNIVERSE
000230,2024,2024,일동홀딩스,B+,FAILED_REFETCH_NEEDED,fy2024 not collected in user pipeline,,FAILED_FY2024_NOT_COLLECTED
000390,2022,2022,삼화페인트공업,B,FAILED_REFETCH_NEEDED,fy2022 not collected in user pipeline,,FAILED_OUT_OF_USER_UNIVERSE
000390,2023,2023,삼화페인트공업,B+,FAILED_REFETCH_NEEDED,fy2023 not collected in user pipeline,,FAILED_OUT_OF_USER_UNIVERSE
000390,2024,2024,삼화페인트공업,B+,FAILED_REFETCH_NEEDED,fy2024 not collected in user pipeline,,FAILED_FY2024_NOT_COLLECTED
000400,2022,2022,롯데손해보험,B+,FAILED_REFETCH_NEEDED,fy2022 not collected in user pipeline,,FAILED_OUT_OF_USER_UNIVERSE
000400,2023,2023,롯데손해보험,B+,FAILED_REFETCH_NEEDED,fy2023 not collected in user pipeline,,FAILED_OUT_OF_USER_UNIVERSE
000400,2024,2024,롯데손해보험,B+,FAILED_REFETCH_NEEDED,fy2024 not collected in user pipeline,,FAILED_FY2024_NOT_COLLECTED
000430,2022,2022,대원강업,C,FAILED_REFETCH_NEEDED,fy2022 not collected in user pipeline,,FAILED_OUT_OF_USER_UNIVERSE
000430,2023,2023,대원강업,C,FAILED_REFETCH_NEEDED,fy2023 not collected in user pipeline,,FAILED_OUT_OF_USER_UNIVERSE
000430,2024,2024,대원강업,B+,FAILED_REFETCH_NEEDED,fy2024 not collected in user pipeline,,FAILED_FY2024_NOT_COLLECTED
000490,2022,2022,대동,D,FAILED_REFETCH_NEEDED,fy2022 not collected in user pipeline,,FAILED_OUT_OF_USER_UNIVERSE
000490,2023,2023,대동,C,FAILED_REFETCH_NEEDED,fy2023 not collected in user pipeline,,FAILED_OUT_OF_USER_UNIVERSE
000490,2024,2024,대동,B+,FAILED_REFETCH_NEEDED,fy2024 not collected in user pipeline,,FAILED_FY2024_NOT_COLLECTED
000540,2022,2022,흥국화재,B+,FAILED_REFETCH_NEEDED,fy2022 not collected in user pipeline,,FAILED_OUT_OF_USER_UNIVERSE
000540,2023,2023,흥국화재,B+,FAILED_REFETCH_NEEDED,fy2023 not collected in user pipeline,,FAILED_OUT_OF_USER_UNIVERSE
000540,2024,2024,흥국화재,B+,FAILED_REFETCH_NEEDED,fy2024 not collected in user pipeline,,FAILED_FY2024_NOT_COLLECTED
000680,2022,2022,LS네트웍스,B,FAILED_REFETCH_NEEDED,fy2022 not collected in user pipeline,,FAILED_OUT_OF_USER_UNIVERSE
000680,2023,2023,LS네트웍스,B+,FAILED_REFETCH_NEEDED,fy2023 not collected in user pipeline,,FAILED_OUT_OF_USER_UNIVERSE
000680,2024,2024,LS네트웍스,B+,FAILED_REFETCH_NEEDED,fy2024 not collected in user pipeline,,FAILED_FY2024_NOT_COLLECTED
000700,2022,2022,유수홀딩스,B+,FAILED_REFETCH_NEEDED,fy2022 not collected in user pipeline,,FAILED_OUT_OF_USER_UNIVERSE
000700,2023,2023,유수홀딩스,B+,FAILED_REFETCH_NEEDED,fy2023 not collected in user pipeline,,FAILED_OUT_OF_USER_UNIVERSE
000700,2024,2024,유수홀딩스,B+,FAILED_REFETCH_NEEDED,fy2024 not collected in user pipeline,,FAILED_FY2024_NOT_COLLECTED
000810,2022,2022,삼성화재해상보험,A,SUCCESS,,20230309000772.0,
000810,2023,2023,삼성화재해상보험,A,SUCCESS,,20240429000782.0,
000810,2024,2024,삼성화재해상보험,B+,FAILED_REFETCH_NEEDED,fy2024 not collected in user pipeline,,FAILED_FY2024_NOT_COLLECTED
000860,2022,2022,강남제비스코,C,FAILED_REFETCH_NEEDED,fy2022 not collected in user pipeline,,FAILED_OUT_OF_USER_UNIVERSE
000860,2023,2023,강남제비스코,B+,FAILED_REFETCH_NEEDED,fy2023 not collected in user pipeline,,FAILED_OUT_OF_USER_UNIVERSE
000860,2024,2024,강남제비스코,B+,FAILED_REFETCH_NEEDED,fy2024 not collected in user pipeline,,FAILED_FY2024_NOT_COLLECTED
000880,2022,2022,한화,A,FAILED_NO_PASSAGES,no firm_year_document,20230321001313.0,
000880,2023,2023,한화,B+,FAILED_NO_PASSAGES,no firm_year_document,20240430000953.0,
000880,2024,2024,한화,B+,FAILED_REFETCH_NEEDED,fy2024 not collected in user pipeline,,FAILED_FY2024_NOT_COLLECTED
001060,2022,2022,JW중외제약,C,FAILED_REFETCH_NEEDED,fy2022 not collected in user pipeline,,FAILED_OUT_OF_USER_UNIVERSE
001060,2023,2023,JW중외제약,B+,FAILED_REFETCH_NEEDED,fy2023 not collected in user pipeline,,FAILED_OUT_OF_USER_UNIVERSE
001060,2024,2024,JW중외제약,B+,FAILED_REFETCH_NEEDED,fy2024 not collected in user pipeline,,FAILED_FY2024_NOT_COLLECTED
001250,2022,2022,GS글로벌,B+,FAILED_REFETCH_NEEDED,fy2022 not collected in user pipeline,,FAILED_OUT_OF_USER_UNIVERSE
001250,2023,2023,GS글로벌,B+,FAILED_REFETCH_NEEDED,fy2023 not collected in user pipeline,,FAILED_OUT_OF_USER_UNIVERSE
001250,2024,2024,GS글로벌,B+,FAILED_REFETCH_NEEDED,fy2024 not collected in user pipeline,,FAILED_FY2024_NOT_COLLECTED
001500,2022,2022,현대차증권,A,FAILED_REFETCH_NEEDED,fy2022 not collected in user pipeline,,FAILED_OUT_OF_USER_UNIVERSE
001500,2023,2023,현대차증권,A,FAILED_REFETCH_NEEDED,fy2023 not collected in user pipeline,,FAILED_OUT_OF_USER_UNIVERSE
001500,2024,2024,현대차증권,B+,FAILED_REFETCH_NEEDED,fy2024 not collected in user pipeline,,FAILED_FY2024_NOT_COLLECTED
001510,2022,2022,SK증권,B+,FAILED_REFETCH_NEEDED,fy2022 not collected in user pipeline,,FAILED_OUT_OF_USER_UNIVERSE
001510,2023,2023,SK증권,B+,FAILED_REFETCH_NEEDED,fy2023 not collected in user pipeline,,FAILED_OUT_OF_USER_UNIVERSE
001510,2024,2024,SK증권,B+,FAILED_REFETCH_NEEDED,fy2024 not collected in user pipeline,,FAILED_FY2024_NOT_COLLECTED
001720,2022,2022,신영증권,B+,FAILED_REFETCH_NEEDED,fy2022 not collected in user pipeline,,FAILED_OUT_OF_USER_UNIVERSE
001720,2023,2023,신영증권,B+,FAILED_REFETCH_NEEDED,fy2023 not collected in user pipeline,,FAILED_OUT_OF_USER_UNIVERSE
001720,2024,2024,신영증권,B+,FAILED_REFETCH_NEEDED,fy2024 not collected in user pipeline,,FAILED_FY2024_NOT_COLLECTED
000240,2022,2022,한국앤컴퍼니,B,SUCCESS,,20230324001090.0,
000240,2023,2023,한국앤컴퍼니,B+,SUCCESS,,20240320001601.0,
000240,2024,2024,한국앤컴퍼니,B,FAILED_REFETCH_NEEDED,fy2024 not collected in user pipeline,,FAILED_FY2024_NOT_COLLECTED
000500,2022,2022,가온전선,B,FAILED_REFETCH_NEEDED,fy2022 not collected in user pipeline,,FAILED_OUT_OF_USER_UNIVERSE
000500,2023,2023,가온전선,B+,FAILED_REFETCH_NEEDED,fy2023 not collected in user pipeline,,FAILED_OUT_OF_USER_UNIVERSE
000500,2024,2024,가온전선,B,FAILED_REFETCH_NEEDED,fy2024 not collected in user pipeline,,FAILED_FY2024_NOT_COLLECTED
000670,2022,2022,영풍,B,FAILED_REFETCH_NEEDED,fy2022 not collected in user pipeline,,FAILED_OUT_OF_USER_UNIVERSE
000670,2023,2023,영풍,B+,FAILED_REFETCH_NEEDED,fy2023 not collected in user pipeline,,FAILED_OUT_OF_USER_UNIVERSE
000670,2024,2024,영풍,B,FAILED_REFETCH_NEEDED,fy2024 not collected in user pipeline,,FAILED_FY2024_NOT_COLLECTED
002350,2022,2022,넥센타이어,B+,FAILED_REFETCH_NEEDED,fy2022 not collected in user pipeline,,FAILED_OUT_OF_USER_UNIVERSE
002350,2023,2023,넥센타이어,B+,FAILED_REFETCH_NEEDED,fy2023 not collected in user pipeline,,FAILED_OUT_OF_USER_UNIVERSE
002350,2024,2024,넥센타이어,B,FAILED_REFETCH_NEEDED,fy2024 not collected in user pipeline,,FAILED_FY2024_NOT_COLLECTED
002600,2022,2022,조흥,C,FAILED_REFETCH_NEEDED,fy2022 not collected in user pipeline,,FAILED_OUT_OF_USER_UNIVERSE
002600,2023,2023,조흥,C,FAILED_REFETCH_NEEDED,fy2023 not collected in user pipeline,,FAILED_OUT_OF_USER_UNIVERSE
002600,2024,2024,조흥,B,FAILED_REFETCH_NEEDED,fy2024 not collected in user pipeline,,FAILED_FY2024_NOT_COLLECTED
003240,2022,2022,태광산업,D,SUCCESS,,20230323001281.0,
003240,2023,2023,태광산업,C,SUCCESS,,20240329003575.0,
003240,2024,2024,태광산업,B,FAILED_REFETCH_NEEDED,fy2024 not collected in user pipeline,,FAILED_FY2024_NOT_COLLECTED
003280,2022,2022,흥아해운,C,FAILED_REFETCH_NEEDED,fy2022 not collected in user pipeline,,FAILED_OUT_OF_USER_UNIVERSE
003280,2023,2023,흥아해운,B,FAILED_REFETCH_NEEDED,fy2023 not collected in user pipeline,,FAILED_OUT_OF_USER_UNIVERSE
003280,2024,2024,흥아해운,B,FAILED_REFETCH_NEEDED,fy2024 not collected in user pipeline,,FAILED_FY2024_NOT_COLLECTED
003920,2022,2022,남양유업,C,FAILED_REFETCH_NEEDED,fy2022 not collected in user pipeline,,FAILED_OUT_OF_USER_UNIVERSE
003920,2023,2023,남양유업,B,FAILED_REFETCH_NEEDED,fy2023 not collected in user pipeline,,FAILED_OUT_OF_USER_UNIVERSE
003920,2024,2024,남양유업,B,FAILED_REFETCH_NEEDED,fy2024 not collected in user pipeline,,FAILED_FY2024_NOT_COLLECTED
004370,2022,2022,농심,C,FAILED_REFETCH_NEEDED,fy2022 not collected in user pipeline,,FAILED_OUT_OF_USER_UNIVERSE
004370,2023,2023,농심,B+,FAILED_REFETCH_NEEDED,fy2023 not collected in user pipeline,,FAILED_OUT_OF_USER_UNIVERSE
004370,2024,2024,농심,B,FAILED_REFETCH_NEEDED,fy2024 not collected in user pipeline,,FAILED_FY2024_NOT_COLLECTED
004540,2022,2022,깨끗한나라,C,FAILED_REFETCH_NEEDED,fy2022 not collected in user pipeline,,FAILED_OUT_OF_USER_UNIVERSE
004540,2023,2023,깨끗한나라,B+,FAILED_REFETCH_NEEDED,fy2023 not collected in user pipeline,,FAILED_OUT_OF_USER_UNIVERSE
004540,2024,2024,깨끗한나라,B,FAILED_REFETCH_NEEDED,fy2024 not collected in user pipeline,,FAILED_FY2024_NOT_COLLECTED
005090,2022,2022,SGC에너지,B+,FAILED_REFETCH_NEEDED,fy2022 not collected in user pipeline,,FAILED_OUT_OF_USER_UNIVERSE
005090,2023,2023,SGC에너지,B+,FAILED_REFETCH_NEEDED,fy2023 not collected in user pipeline,,FAILED_OUT_OF_USER_UNIVERSE
005090,2024,2024,SGC에너지,B,FAILED_REFETCH_NEEDED,fy2024 not collected in user pipeline,,FAILED_FY2024_NOT_COLLECTED
005290,2022,2022,동진쎄미켐,C,FAILED_REFETCH_NEEDED,fy2022 not collected in user pipeline,,FAILED_OUT_OF_USER_UNIVERSE
005290,2023,2023,동진쎄미켐,B,FAILED_REFETCH_NEEDED,fy2023 not collected in user pipeline,,FAILED_OUT_OF_USER_UNIVERSE
005290,2024,2024,동진쎄미켐,B,FAILED_REFETCH_NEEDED,fy2024 not collected in user pipeline,,FAILED_FY2024_NOT_COLLECTED
005500,2022,2022,삼진제약,D,FAILED_REFETCH_NEEDED,fy2022 not collected in user pipeline,,FAILED_OUT_OF_USER_UNIVERSE
005500,2023,2023,삼진제약,C,FAILED_REFETCH_NEEDED,fy2023 not collected in user pipeline,,FAILED_OUT_OF_USER_UNIVERSE
005500,2024,2024,삼진제약,B,FAILED_REFETCH_NEEDED,fy2024 not collected in user pipeline,,FAILED_FY2024_NOT_COLLECTED
005610,2022,2022,SPC삼립,B,FAILED_REFETCH_NEEDED,fy2022 not collected in user pipeline,,FAILED_OUT_OF_USER_UNIVERSE
005610,2023,2023,SPC삼립,D,FAILED_REFETCH_NEEDED,fy2023 not collected in user pipeline,,FAILED_OUT_OF_USER_UNIVERSE
005610,2024,2024,SPC삼립,B,FAILED_REFETCH_NEEDED,fy2024 not collected in user pipeline,,FAILED_FY2024_NOT_COLLECTED
005850,2022,2022,에스엘,B+,FAILED_REFETCH_NEEDED,fy2022 not collected in user pipeline,,FAILED_OUT_OF_USER_UNIVERSE
005850,2023,2023,에스엘,B+,FAILED_REFETCH_NEEDED,fy2023 not collected in user pipeline,,FAILED_OUT_OF_USER_UNIVERSE
005850,2024,2024,에스엘,B,FAILED_REFETCH_NEEDED,fy2024 not collected in user pipeline,,FAILED_FY2024_NOT_COLLECTED
005950,2022,2022,이수화학,C,FAILED_REFETCH_NEEDED,fy2022 not collected in user pipeline,,FAILED_OUT_OF_USER_UNIVERSE
005950,2023,2023,이수화학,C,FAILED_REFETCH_NEEDED,fy2023 not collected in user pipeline,,FAILED_OUT_OF_USER_UNIVERSE
005950,2024,2024,이수화학,B,FAILED_REFETCH_NEEDED,fy2024 not collected in user pipeline,,FAILED_FY2024_NOT_COLLECTED
000020,2022,2022,동화약품,C,FAILED_REFETCH_NEEDED,fy2022 not collected in user pipeline,,FAILED_OUT_OF_USER_UNIVERSE
000020,2023,2023,동화약품,C,FAILED_REFETCH_NEEDED,fy2023 not collected in user pipeline,,FAILED_OUT_OF_USER_UNIVERSE
000020,2024,2024,동화약품,C,FAILED_REFETCH_NEEDED,fy2024 not collected in user pipeline,,FAILED_FY2024_NOT_COLLECTED
000050,2022,2022,경방,D,FAILED_REFETCH_NEEDED,fy2022 not collected in user pipeline,,FAILED_OUT_OF_USER_UNIVERSE
000050,2023,2023,경방,C,FAILED_REFETCH_NEEDED,fy2023 not collected in user pipeline,,FAILED_OUT_OF_USER_UNIVERSE
000050,2024,2024,경방,C,FAILED_REFETCH_NEEDED,fy2024 not collected in user pipeline,,FAILED_FY2024_NOT_COLLECTED
000220,2022,2022,유유제약,C,FAILED_REFETCH_NEEDED,fy2022 not collected in user pipeline,,FAILED_OUT_OF_USER_UNIVERSE
000220,2023,2023,유유제약,D,FAILED_REFETCH_NEEDED,fy2023 not collected in user pipeline,,FAILED_OUT_OF_USER_UNIVERSE
000220,2024,2024,유유제약,C,FAILED_REFETCH_NEEDED,fy2024 not collected in user pipeline,,FAILED_FY2024_NOT_COLLECTED
000480,2022,2022,조선내화,D,FAILED_REFETCH_NEEDED,fy2022 not collected in user pipeline,,FAILED_OUT_OF_USER_UNIVERSE
000480,2023,2023,시알홀딩스,D,FAILED_REFETCH_NEEDED,fy2023 not collected in user pipeline,,FAILED_OUT_OF_USER_UNIVERSE
000480,2024,2024,시알홀딩스,C,FAILED_REFETCH_NEEDED,fy2024 not collected in user pipeline,,FAILED_FY2024_NOT_COLLECTED
000520,2022,2022,삼일제약,D,FAILED_REFETCH_NEEDED,fy2022 not collected in user pipeline,,FAILED_OUT_OF_USER_UNIVERSE
000520,2023,2023,삼일제약,C,FAILED_REFETCH_NEEDED,fy2023 not collected in user pipeline,,FAILED_OUT_OF_USER_UNIVERSE
000520,2024,2024,삼일제약,C,FAILED_REFETCH_NEEDED,fy2024 not collected in user pipeline,,FAILED_FY2024_NOT_COLLECTED
000590,2022,2022,CS홀딩스,C,FAILED_REFETCH_NEEDED,fy2022 not collected in user pipeline,,FAILED_OUT_OF_USER_UNIVERSE
000590,2023,2023,CS홀딩스,C,FAILED_REFETCH_NEEDED,fy2023 not collected in user pipeline,,FAILED_OUT_OF_USER_UNIVERSE
000590,2024,2024,CS홀딩스,C,FAILED_REFETCH_NEEDED,fy2024 not collected in user pipeline,,FAILED_FY2024_NOT_COLLECTED
000850,2022,2022,화천기공,D,FAILED_REFETCH_NEEDED,fy2022 not collected in user pipeline,,FAILED_OUT_OF_USER_UNIVERSE
000850,2023,2023,화천기공,C,FAILED_REFETCH_NEEDED,fy2023 not collected in user pipeline,,FAILED_OUT_OF_USER_UNIVERSE
000850,2024,2024,화천기공,C,FAILED_REFETCH_NEEDED,fy2024 not collected in user pipeline,,FAILED_FY2024_NOT_COLLECTED
000910,2022,2022,유니온,C,FAILED_REFETCH_NEEDED,fy2022 not collected in user pipeline,,FAILED_OUT_OF_USER_UNIVERSE
000910,2023,2023,유니온,C,FAILED_REFETCH_NEEDED,fy2023 not collected in user pipeline,,FAILED_OUT_OF_USER_UNIVERSE
000910,2024,2024,유니온,C,FAILED_REFETCH_NEEDED,fy2024 not collected in user pipeline,,FAILED_FY2024_NOT_COLLECTED
000990,2022,2022,DB하이텍,B,FAILED_REFETCH_NEEDED,fy2022 not collected in user pipeline,,FAILED_OUT_OF_USER_UNIVERSE
000990,2023,2023,DB하이텍,B+,FAILED_REFETCH_NEEDED,fy2023 not collected in user pipeline,,FAILED_OUT_OF_USER_UNIVERSE
000990,2024,2024,DB하이텍,C,FAILED_REFETCH_NEEDED,fy2024 not collected in user pipeline,,FAILED_FY2024_NOT_COLLECTED
001020,2022,2022,페이퍼코리아,D,FAILED_REFETCH_NEEDED,fy2022 not collected in user pipeline,,FAILED_OUT_OF_USER_UNIVERSE
001020,2023,2023,페이퍼코리아,D,FAILED_REFETCH_NEEDED,fy2023 not collected in user pipeline,,FAILED_OUT_OF_USER_UNIVERSE
001020,2024,2024,페이퍼코리아,C,FAILED_REFETCH_NEEDED,fy2024 not collected in user pipeline,,FAILED_FY2024_NOT_COLLECTED
001070,2022,2022,대한방직,C,FAILED_REFETCH_NEEDED,fy2022 not collected in user pipeline,,FAILED_OUT_OF_USER_UNIVERSE
001070,2023,2023,대한방직,C,FAILED_REFETCH_NEEDED,fy2023 not collected in user pipeline,,FAILED_OUT_OF_USER_UNIVERSE
001070,2024,2024,대한방직,C,FAILED_REFETCH_NEEDED,fy2024 not collected in user pipeline,,FAILED_FY2024_NOT_COLLECTED
001130,2022,2022,대한제분,D,FAILED_REFETCH_NEEDED,fy2022 not collected in user pipeline,,FAILED_OUT_OF_USER_UNIVERSE
001130,2023,2023,대한제분,D,FAILED_REFETCH_NEEDED,fy2023 not collected in user pipeline,,FAILED_OUT_OF_USER_UNIVERSE
001130,2024,2024,대한제분,C,FAILED_REFETCH_NEEDED,fy2024 not collected in user pipeline,,FAILED_FY2024_NOT_COLLECTED
001200,2022,2022,유진증권,B,FAILED_REFETCH_NEEDED,fy2022 not collected in user pipeline,,FAILED_OUT_OF_USER_UNIVERSE
001200,2023,2023,유진증권,B,FAILED_REFETCH_NEEDED,fy2023 not collected in user pipeline,,FAILED_OUT_OF_USER_UNIVERSE
001200,2024,2024,유진증권,C,FAILED_REFETCH_NEEDED,fy2024 not collected in user pipeline,,FAILED_FY2024_NOT_COLLECTED
001270,2022,2022,부국증권,C,FAILED_REFETCH_NEEDED,fy2022 not collected in user pipeline,,FAILED_OUT_OF_USER_UNIVERSE
001270,2023,2023,부국증권,C,FAILED_REFETCH_NEEDED,fy2023 not collected in user pipeline,,FAILED_OUT_OF_USER_UNIVERSE
001270,2024,2024,부국증권,C,FAILED_REFETCH_NEEDED,fy2024 not collected in user pipeline,,FAILED_FY2024_NOT_COLLECTED
001290,2022,2022,상상인증권,D,FAILED_REFETCH_NEEDED,fy2022 not collected in user pipeline,,FAILED_OUT_OF_USER_UNIVERSE
001290,2023,2023,상상인증권,D,FAILED_REFETCH_NEEDED,fy2023 not collected in user pipeline,,FAILED_OUT_OF_USER_UNIVERSE
001290,2024,2024,상상인증권,C,FAILED_REFETCH_NEEDED,fy2024 not collected in user pipeline,,FAILED_FY2024_NOT_COLLECTED
001390,2022,2022,KG케미칼,D,FAILED_REFETCH_NEEDED,fy2022 not collected in user pipeline,,FAILED_OUT_OF_USER_UNIVERSE
001390,2023,2023,KG케미칼,C,FAILED_REFETCH_NEEDED,fy2023 not collected in user pipeline,,FAILED_OUT_OF_USER_UNIVERSE
001390,2024,2024,KG케미칼,C,FAILED_REFETCH_NEEDED,fy2024 not collected in user pipeline,,FAILED_FY2024_NOT_COLLECTED
001520,2022,2022,동양,D,FAILED_REFETCH_NEEDED,fy2022 not collected in user pipeline,,FAILED_OUT_OF_USER_UNIVERSE
001520,2023,2023,동양,D,FAILED_REFETCH_NEEDED,fy2023 not collected in user pipeline,,FAILED_OUT_OF_USER_UNIVERSE
001520,2024,2024,동양,C,FAILED_REFETCH_NEEDED,fy2024 not collected in user pipeline,,FAILED_FY2024_NOT_COLLECTED
001560,2022,2022,제일연마,C,FAILED_REFETCH_NEEDED,fy2022 not collected in user pipeline,,FAILED_OUT_OF_USER_UNIVERSE
001560,2023,2023,제일연마,C,FAILED_REFETCH_NEEDED,fy2023 not collected in user pipeline,,FAILED_OUT_OF_USER_UNIVERSE
001560,2024,2024,제일연마,C,FAILED_REFETCH_NEEDED,fy2024 not collected in user pipeline,,FAILED_FY2024_NOT_COLLECTED
000040,2022,2022,KR모터스,D,FAILED_REFETCH_NEEDED,fy2022 not collected in user pipeline,,FAILED_OUT_OF_USER_UNIVERSE
000040,2023,2023,KR모터스,D,FAILED_REFETCH_NEEDED,fy2023 not collected in user pipeline,,FAILED_OUT_OF_USER_UNIVERSE
000040,2024,2024,KR모터스,D,FAILED_REFETCH_NEEDED,fy2024 not collected in user pipeline,,FAILED_FY2024_NOT_COLLECTED
000180,2022,2022,성창기업지주,D,FAILED_REFETCH_NEEDED,fy2022 not collected in user pipeline,,FAILED_OUT_OF_USER_UNIVERSE
000180,2023,2023,성창기업지주,D,FAILED_REFETCH_NEEDED,fy2023 not collected in user pipeline,,FAILED_OUT_OF_USER_UNIVERSE
000180,2024,2024,성창기업지주,D,FAILED_REFETCH_NEEDED,fy2024 not collected in user pipeline,,FAILED_FY2024_NOT_COLLECTED
000250,2022,2022,삼천당제약,D,FAILED_REFETCH_NEEDED,fy2022 not collected in user pipeline,,FAILED_OUT_OF_USER_UNIVERSE
000250,2023,2023,삼천당제약,D,FAILED_REFETCH_NEEDED,fy2023 not collected in user pipeline,,FAILED_OUT_OF_USER_UNIVERSE
000250,2024,2024,삼천당제약,D,FAILED_REFETCH_NEEDED,fy2024 not collected in user pipeline,,FAILED_FY2024_NOT_COLLECTED
000650,2022,2022,천일고속,D,FAILED_REFETCH_NEEDED,fy2022 not collected in user pipeline,,FAILED_OUT_OF_USER_UNIVERSE
000650,2023,2023,천일고속,D,FAILED_REFETCH_NEEDED,fy2023 not collected in user pipeline,,FAILED_OUT_OF_USER_UNIVERSE
000650,2024,2024,천일고속,D,FAILED_REFETCH_NEEDED,fy2024 not collected in user pipeline,,FAILED_FY2024_NOT_COLLECTED
000760,2022,2022,이화산업,D,FAILED_REFETCH_NEEDED,fy2022 not collected in user pipeline,,FAILED_OUT_OF_USER_UNIVERSE
000760,2023,2023,이화산업,C,FAILED_REFETCH_NEEDED,fy2023 not collected in user pipeline,,FAILED_OUT_OF_USER_UNIVERSE
000760,2024,2024,이화산업,D,FAILED_REFETCH_NEEDED,fy2024 not collected in user pipeline,,FAILED_FY2024_NOT_COLLECTED
000890,2022,2022,보해양조,D,FAILED_REFETCH_NEEDED,fy2022 not collected in user pipeline,,FAILED_OUT_OF_USER_UNIVERSE
000890,2023,2023,보해양조,D,FAILED_REFETCH_NEEDED,fy2023 not collected in user pipeline,,FAILED_OUT_OF_USER_UNIVERSE
000890,2024,2024,보해양조,D,FAILED_REFETCH_NEEDED,fy2024 not collected in user pipeline,,FAILED_FY2024_NOT_COLLECTED
000950,2022,2022,전방,D,FAILED_REFETCH_NEEDED,fy2022 not collected in user pipeline,,FAILED_OUT_OF_USER_UNIVERSE
000950,2023,2023,전방,D,FAILED_REFETCH_NEEDED,fy2023 not collected in user pipeline,,FAILED_OUT_OF_USER_UNIVERSE
000950,2024,2024,전방,D,FAILED_REFETCH_NEEDED,fy2024 not collected in user pipeline,,FAILED_FY2024_NOT_COLLECTED
000970,2022,2022,한국주철관공업,D,FAILED_REFETCH_NEEDED,fy2022 not collected in user pipeline,,FAILED_OUT_OF_USER_UNIVERSE
000970,2023,2023,한국주철관공업,D,FAILED_REFETCH_NEEDED,fy2023 not collected in user pipeline,,FAILED_OUT_OF_USER_UNIVERSE
000970,2024,2024,한국주철관공업,D,FAILED_REFETCH_NEEDED,fy2024 not collected in user pipeline,,FAILED_FY2024_NOT_COLLECTED
001080,2022,2022,만호제강,C,FAILED_REFETCH_NEEDED,fy2022 not collected in user pipeline,,FAILED_OUT_OF_USER_UNIVERSE
001080,2023,2023,만호제강,C,FAILED_REFETCH_NEEDED,fy2023 not collected in user pipeline,,FAILED_OUT_OF_USER_UNIVERSE
001080,2024,2024,만호제강,D,FAILED_REFETCH_NEEDED,fy2024 not collected in user pipeline,,FAILED_FY2024_NOT_COLLECTED
001140,2022,2022,국보,D,FAILED_REFETCH_NEEDED,fy2022 not collected in user pipeline,,FAILED_OUT_OF_USER_UNIVERSE
001140,2023,2023,국보,D,FAILED_REFETCH_NEEDED,fy2023 not collected in user pipeline,,FAILED_OUT_OF_USER_UNIVERSE
001140,2024,2024,국보,D,FAILED_REFETCH_NEEDED,fy2024 not collected in user pipeline,,FAILED_FY2024_NOT_COLLECTED
001210,2022,2022,금호전기,D,FAILED_REFETCH_NEEDED,fy2022 not collected in user pipeline,,FAILED_OUT_OF_USER_UNIVERSE
001210,2023,2023,금호전기,D,FAILED_REFETCH_NEEDED,fy2023 not collected in user pipeline,,FAILED_OUT_OF_USER_UNIVERSE
001210,2024,2024,금호전기,D,FAILED_REFETCH_NEEDED,fy2024 not collected in user pipeline,,FAILED_FY2024_NOT_COLLECTED
001260,2022,2022,남광토건,C,FAILED_REFETCH_NEEDED,fy2022 not collected in user pipeline,,FAILED_OUT_OF_USER_UNIVERSE
001260,2023,2023,남광토건,D,FAILED_REFETCH_NEEDED,fy2023 not collected in user pipeline,,FAILED_OUT_OF_USER_UNIVERSE
001260,2024,2024,남광토건,D,FAILED_REFETCH_NEEDED,fy2024 not collected in user pipeline,,FAILED_FY2024_NOT_COLLECTED
001340,2022,2022,백광산업,D,FAILED_REFETCH_NEEDED,fy2022 not collected in user pipeline,,FAILED_OUT_OF_USER_UNIVERSE
001340,2023,2023,백광산업,D,FAILED_REFETCH_NEEDED,fy2023 not collected in user pipeline,,FAILED_OUT_OF_USER_UNIVERSE
001340,2024,2024,PKC,D,FAILED_REFETCH_NEEDED,fy2024 not collected in user pipeline,,FAILED_FY2024_NOT_COLLECTED
001360,2022,2022,삼성제약,D,FAILED_REFETCH_NEEDED,fy2022 not collected in user pipeline,,FAILED_OUT_OF_USER_UNIVERSE
001360,2023,2023,삼성제약,D,FAILED_REFETCH_NEEDED,fy2023 not collected in user pipeline,,FAILED_OUT_OF_USER_UNIVERSE
001360,2024,2024,삼성제약,D,FAILED_REFETCH_NEEDED,fy2024 not collected in user pipeline,,FAILED_FY2024_NOT_COLLECTED
001380,2022,2022,SG글로벌,D,FAILED_REFETCH_NEEDED,fy2022 not collected in user pipeline,,FAILED_OUT_OF_USER_UNIVERSE
001380,2023,2023,SG글로벌,D,FAILED_REFETCH_NEEDED,fy2023 not collected in user pipeline,,FAILED_OUT_OF_USER_UNIVERSE
001380,2024,2024,SG글로벌,D,FAILED_REFETCH_NEEDED,fy2024 not collected in user pipeline,,FAILED_FY2024_NOT_COLLECTED
001420,2022,2022,태원물산,D,FAILED_REFETCH_NEEDED,fy2022 not collected in user pipeline,,FAILED_OUT_OF_USER_UNIVERSE
001420,2023,2023,태원물산,D,FAILED_REFETCH_NEEDED,fy2023 not collected in user pipeline,,FAILED_OUT_OF_USER_UNIVERSE
001420,2024,2024,태원물산,D,FAILED_REFETCH_NEEDED,fy2024 not collected in user pipeline,,FAILED_FY2024_NOT_COLLECTED
001470,2022,2022,삼부토건,D,FAILED_REFETCH_NEEDED,fy2022 not collected in user pipeline,,FAILED_OUT_OF_USER_UNIVERSE
001470,2023,2023,삼부토건,C,FAILED_REFETCH_NEEDED,fy2023 not collected in user pipeline,,FAILED_OUT_OF_USER_UNIVERSE
001470,2024,2024,삼부토건,D,FAILED_REFETCH_NEEDED,fy2024 not collected in user pipeline,,FAILED_FY2024_NOT_COLLECTED
001530,2022,2022,디아이동일,D,FAILED_REFETCH_NEEDED,fy2022 not collected in user pipeline,,FAILED_OUT_OF_USER_UNIVERSE
001530,2023,2023,디아이동일,D,FAILED_REFETCH_NEEDED,fy2023 not collected in user pipeline,,FAILED_OUT_OF_USER_UNIVERSE
001530,2024,2024,디아이동일,D,FAILED_REFETCH_NEEDED,fy2024 not collected in user pipeline,,FAILED_FY2024_NOT_COLLECTED
